{"xgb": 0.38452910868879464, "rf": 0.33577512179734326, "mlp": 0.27969576951386216}